schema_version	harness_commit	epoch	judged_at_utc	commit	scope	board	workload_class	outcome	judged_r	ci_low	ci_high	prove_ms	native_mhz	peak_rss_mib	waits	dispatches	energy_j	gates	holdout	submission_id	predecessor	supersedes
2	962dbbae393f	1	2026-07-20T17:32:05Z	675305979ed2748dbaf3682f100742b0a38202c3	s3	core_cpu	wide	promoted	0.973575	0.963875	0.986153	17.321458	0.000000	0.000000				G1..G5:pass	none	2026-07-20-packed-direct-quotient-resident-merkle-pool	31a3132ef2e6		claimed
2	a48a97b2cc2e	1	2026-07-20T18:13:17Z	99ff32efcc3560908ad262e20120b07bd0cf9626	s3	core_cpu	small	promoted	0.870962	0.862475	0.877999	2.378542	0.000000	0.000000				G1..G5:pass	none	2026-07-20-deeper-merkle-pool-parallelism	b343b866a9f4		claimed
2	6dbd9a6d02b1	1	2026-07-20T18:54:55Z	28e0b1af117dba253ce588c64098e22289e70e50	s3	core_cpu	deep	promoted	0.863603	0.858696	0.870776	8.521125	0.000000	0.000000				G1..G5:pass	none	2026-07-20-four-way-fri-leaf-cascade	95f32a8f9f6e		claimed
2	1b0be568ace8	1	2026-07-20T19:31:55Z	a6cf82a9fcdb285c58f47bccad6a5d1f52fb4a80	s3	core_cpu	small	rejected	0.961205	0.944054	1.000586	1.582125	0.000000	0.000000				G1..G5:pass	none	2026-07-20-packed-sampled-value-evaluation	4dc26f00d743		claimed
2	1b0be568ace8	1	2026-07-20T19:31:56Z	a6cf82a9fcdb285c58f47bccad6a5d1f52fb4a80	s3	core_cpu	deep	promoted	0.942963	0.934532	0.949791	8.131000	0.000000	0.000000				G1..G5:pass	none	2026-07-20-packed-sampled-value-evaluation	4dc26f00d743		claimed
2	1b0be568ace8	1	2026-07-20T19:31:56Z	a6cf82a9fcdb285c58f47bccad6a5d1f52fb4a80	s3	core_cpu	wide	promoted	0.918108	0.909853	0.924581	11.524167	0.000000	0.000000				G1..G5:pass	none	2026-07-20-packed-sampled-value-evaluation	4dc26f00d743		claimed
2	24a1c5bf7b2b	1	2026-07-20T20:20:10Z	32ee7f2bbb10258c1bf8813073815bbc39e768c8	s3	core_cpu	small	promoted	0.969013	0.950699	0.982411	1.539584	0.000000	0.000000				G1..G5:pass	none	2026-07-20-linear-fri-coset-walk	b275053b9c42		claimed
2	24a1c5bf7b2b	1	2026-07-20T20:20:11Z	32ee7f2bbb10258c1bf8813073815bbc39e768c8	s3	core_cpu	deep	promoted	0.918897	0.909088	0.960975	7.456167	0.000000	0.000000				G1..G5:pass	none	2026-07-20-linear-fri-coset-walk	b275053b9c42		claimed
2	24a1c5bf7b2b	1	2026-07-20T20:20:11Z	32ee7f2bbb10258c1bf8813073815bbc39e768c8	s3	core_cpu	wide	promoted	0.940832	0.928361	0.953856	10.752041	0.000000	0.000000				G1..G5:pass	none	2026-07-20-linear-fri-coset-walk	b275053b9c42		claimed
2	bcd67c353ea4	1	2026-07-20T21:20:14Z	294e6f89428826e8e432d88e2be8bbb4792f4dfb	s3	core_cpu	deep	rejected	0.909664	0.875900	0.934007	8.738417	0.000000	0.000000				G1..G5:pass	none	2026-07-20-parallel-cpu-fft-constant-composition	5d2eb59b2f9d		claimed
2	bcd67c353ea4	1	2026-07-20T21:34:54Z	334f6c496dd39568c7fe5ed980e4cc2d2bb0a730	s3	core_cpu	small	rejected	1.002137	0.954570	1.017878	1.603958	0.000000	0.000000				G1..G5:pass	none	2026-07-20-metal-shared-merkle-readback	5d2eb59b2f9d		claimed
2	bcd67c353ea4	1	2026-07-20T21:34:55Z	334f6c496dd39568c7fe5ed980e4cc2d2bb0a730	s3	core_cpu	deep	rejected	0.987053	0.958263	1.002583	7.498083	0.000000	0.000000				G1..G5:pass	none	2026-07-20-metal-shared-merkle-readback	5d2eb59b2f9d		claimed
2	bcd67c353ea4	1	2026-07-20T21:34:55Z	334f6c496dd39568c7fe5ed980e4cc2d2bb0a730	s3	core_cpu	wide	rejected	1.001850	0.991756	1.012135	11.152750	0.000000	0.000000				G1..G5:pass	none	2026-07-20-metal-shared-merkle-readback	5d2eb59b2f9d		claimed
2	e1ba36ee7495	1	2026-07-20T23:02:36Z	0fc1478f3714cb343a356e2b2a06070a7b902e83	s3	core_cpu	small	neutral	0.996953	0.984725	1.011627	1.521875	0.000000	0.000000				G1..G5:pass	none	2026-07-20-metal-resident-fri-transcript-cascade-epoch	fd9bd94395ce		claimed
2	e1ba36ee7495	1	2026-07-20T23:02:36Z	0fc1478f3714cb343a356e2b2a06070a7b902e83	s3	core_cpu	deep	neutral	1.002652	0.993356	1.012617	6.784292	0.000000	0.000000				G1..G5:pass	none	2026-07-20-metal-resident-fri-transcript-cascade-epoch	fd9bd94395ce		claimed
2	e1ba36ee7495	1	2026-07-20T23:02:36Z	0fc1478f3714cb343a356e2b2a06070a7b902e83	s3	core_cpu	wide	neutral	0.999786	0.979859	1.008256	10.981666	0.000000	0.000000				G1..G5:pass	none	2026-07-20-metal-resident-fri-transcript-cascade-epoch	fd9bd94395ce		claimed
2	caef9f755204	1	2026-07-20T23:44:32Z	86f6396f1995f5d473ff6cad1debc0a75a5810fc	s3	core_cpu	small	neutral	0.989573	0.972361	1.000933	1.554416	0.000000	0.000000				G1..G5:pass	none	2026-07-20-metal-batched-sampled-value-epoch	bbb8c8823cca		claimed
2	caef9f755204	1	2026-07-20T23:44:33Z	86f6396f1995f5d473ff6cad1debc0a75a5810fc	s3	core_cpu	deep	neutral	1.000890	0.990135	1.008301	6.740500	0.000000	0.000000				G1..G5:pass	none	2026-07-20-metal-batched-sampled-value-epoch	bbb8c8823cca		claimed
2	caef9f755204	1	2026-07-20T23:44:33Z	86f6396f1995f5d473ff6cad1debc0a75a5810fc	s3	core_cpu	wide	neutral	0.992418	0.978301	1.002816	10.798625	0.000000	0.000000				G1..G5:pass	none	2026-07-20-metal-batched-sampled-value-epoch	bbb8c8823cca		claimed
2	a9faa70efc0d	1	2026-07-21T00:27:39Z	016ced5f6468c59fa0eae211d5e71b93dde71972	s3	core_cpu	small	neutral	1.011370	0.988632	1.025566	1.551542	0.000000	0.000000				G1..G5:pass	none	2026-07-21-metal-fri-merkle-tail-arena	564cea426cf4		claimed
2	a9faa70efc0d	1	2026-07-21T00:27:39Z	016ced5f6468c59fa0eae211d5e71b93dde71972	s3	core_cpu	deep	neutral	0.992462	0.984718	1.001906	6.723625	0.000000	0.000000				G1..G5:pass	none	2026-07-21-metal-fri-merkle-tail-arena	564cea426cf4		claimed
2	a9faa70efc0d	1	2026-07-21T00:27:39Z	016ced5f6468c59fa0eae211d5e71b93dde71972	s3	core_cpu	wide	neutral	1.007741	0.993011	1.014394	10.929583	0.000000	0.000000				G1..G5:pass	none	2026-07-21-metal-fri-merkle-tail-arena	564cea426cf4		claimed
2	7d32a7a3364b	1	2026-07-21T01:08:00Z	755146a5d1585201fe7cbf343d0486c9d812e8c4	s3	core_cpu	small	neutral	1.013446	1.001977	1.034997	1.552959	0.000000	0.000000				G1..G5:pass	none	2026-07-21-metal-generic-merkle-tail-arena	f81b2cc64f7f		claimed
2	7d32a7a3364b	1	2026-07-21T01:08:00Z	755146a5d1585201fe7cbf343d0486c9d812e8c4	s3	core_cpu	deep	neutral	1.000753	0.993403	1.010620	6.781667	0.000000	0.000000				G1..G5:pass	none	2026-07-21-metal-generic-merkle-tail-arena	f81b2cc64f7f		claimed
2	7d32a7a3364b	1	2026-07-21T01:08:01Z	755146a5d1585201fe7cbf343d0486c9d812e8c4	s3	core_cpu	wide	neutral	1.010167	0.999346	1.023140	10.862875	0.000000	0.000000				G1..G5:pass	none	2026-07-21-metal-generic-merkle-tail-arena	f81b2cc64f7f		claimed
2	24820b7c6102	1	2026-07-21T02:09:25Z	671dc42f179411544a96ff180ae3041a25edac39	s3	core_cpu	small	neutral	1.006939	0.988292	1.023601	1.481584	0.000000	0.000000				G1..G5:pass	none	2026-07-21-metal-fri-fold-leaf-fusion	cafbe2c8a71f		claimed
2	24820b7c6102	1	2026-07-21T02:09:25Z	671dc42f179411544a96ff180ae3041a25edac39	s3	core_cpu	deep	neutral	0.996983	0.990875	1.001992	6.715250	0.000000	0.000000				G1..G5:pass	none	2026-07-21-metal-fri-fold-leaf-fusion	cafbe2c8a71f		claimed
2	24820b7c6102	1	2026-07-21T02:09:25Z	671dc42f179411544a96ff180ae3041a25edac39	s3	core_cpu	wide	rejected	0.990850	0.969960	0.997646	10.649584	0.000000	0.000000				G1..G5:pass	none	2026-07-21-metal-fri-fold-leaf-fusion	cafbe2c8a71f		claimed
2	35a0e0cfc689	1	2026-07-21T03:04:11Z	850598e59d9aca016c0da1d63c3852f8a7eabd46	s3	core_cpu	deep	neutral	0.992857	0.983005	0.999242	6.712792	0.000000	0.000000				G1..G5:pass	none	2026-07-21-metal-fri-multiblock-merkle-tail	6c622c60297d		claimed
2	9cd4618522e8	1	2026-07-21T03:47:33Z	58eefe30f62baa19f9e962d16d95584412fcb2a9	s3	core_cpu	deep	neutral	1.004291	0.995180	1.012168	6.740625	0.000000	0.000000				G1..G5:pass	none	2026-07-21-metal-generic-merkle-multiblock	35819ff7920d		claimed
2	76d11f22730e	1	2026-07-21T04:40:50Z	fd3b4f6814c2b371fc478c16ddb26ae64a2cee7d	s3	core_cpu	deep	neutral	1.002030	0.992525	1.010364	6.746625	0.000000	0.000000				G1..G5:pass	none	2026-07-21-metal-fri-linear-transcript-tail	f52e3a791dd7		claimed
2	1d8462e1dcc8	1	2026-07-21T05:21:45Z	b9b19532efc37cbdb26226d4013232d45b3a29cd	s3	core_cpu	deep	neutral	1.003762	0.994166	1.011610	6.727542	0.000000	0.000000				G1..G5:pass	none	2026-07-21-metal-linear-quotient-domain-walk	fcb324e4077c		claimed
2	9d43757fa9c2	1	2026-07-21T05:58:53Z	95d5646555f4518093f0e48bf6ace310cad04c80	s3	core_cpu	deep	neutral	1.005374	0.997788	1.012314	6.730000	0.000000	0.000000				G1..G5:pass	none	2026-07-21-metal-resident-quotient-domain-cache	483275c35d73		claimed
2	caef9f755204	1	2026-07-21T06:53:58Z	86f6396f1995f5d473ff6cad1debc0a75a5810fc	s3	core_metal	deep	promoted	0.864545	0.857539	0.870082	7.880292	0.000000	0.000000				G1..G5:pass	none	2026-07-20-metal-batched-sampled-value-epoch	bbb8c8823cca		claimed
2	caef9f755204	1	2026-07-21T06:53:58Z	86f6396f1995f5d473ff6cad1debc0a75a5810fc	s3	core_metal	small	promoted	0.934709	0.903648	0.957023	2.677750	0.000000	0.000000				G1..G5:pass	none	2026-07-20-metal-batched-sampled-value-epoch	bbb8c8823cca		claimed
2	caef9f755204	1	2026-07-21T06:53:58Z	86f6396f1995f5d473ff6cad1debc0a75a5810fc	s3	core_metal	wide	promoted	0.950965	0.935763	0.970707	12.875375	0.000000	0.000000				G1..G5:pass	none	2026-07-20-metal-batched-sampled-value-epoch	bbb8c8823cca		claimed
2	e1ba36ee7495	1	2026-07-21T06:53:58Z	0fc1478f3714cb343a356e2b2a06070a7b902e83	s3	core_metal	deep	promoted	0.859153	0.851343	0.866507	9.173042	0.000000	0.000000				G1..G5:pass	none	2026-07-20-metal-resident-fri-transcript-cascade-epoch	fd9bd94395ce		claimed
2	e1ba36ee7495	1	2026-07-21T06:53:58Z	0fc1478f3714cb343a356e2b2a06070a7b902e83	s3	core_metal	small	promoted	0.728539	0.716324	0.741851	2.875333	0.000000	0.000000				G1..G5:pass	none	2026-07-20-metal-resident-fri-transcript-cascade-epoch	fd9bd94395ce		claimed
2	e1ba36ee7495	1	2026-07-21T06:53:58Z	0fc1478f3714cb343a356e2b2a06070a7b902e83	s3	core_metal	wide	promoted	0.889149	0.871695	0.906885	13.657750	0.000000	0.000000				G1..G5:pass	none	2026-07-20-metal-resident-fri-transcript-cascade-epoch	fd9bd94395ce		claimed
2	bcd67c353ea4	1	2026-07-21T06:53:58Z	334f6c496dd39568c7fe5ed980e4cc2d2bb0a730	s3	core_metal	deep	promoted	0.878045	0.851804	0.895982	11.656000	0.000000	0.000000				G1..G5:pass	none	2026-07-20-metal-shared-merkle-readback	5d2eb59b2f9d		claimed
2	bcd67c353ea4	1	2026-07-21T06:53:58Z	334f6c496dd39568c7fe5ed980e4cc2d2bb0a730	s3	core_metal	small	promoted	0.751871	0.739983	0.764743	4.050334	0.000000	0.000000				G1..G5:pass	none	2026-07-20-metal-shared-merkle-readback	5d2eb59b2f9d		claimed
2	bcd67c353ea4	1	2026-07-21T06:53:58Z	334f6c496dd39568c7fe5ed980e4cc2d2bb0a730	s3	core_metal	wide	promoted	0.920208	0.884962	0.960998	15.035792	0.000000	0.000000				G1..G5:pass	none	2026-07-20-metal-shared-merkle-readback	5d2eb59b2f9d		claimed
2	24820b7c6102	1	2026-07-21T07:07:59Z	671dc42f179411544a96ff180ae3041a25edac39	s3	core_metal	deep	rejected	0.987766	0.975128	0.996871	7.358625	0.000000	0.000000				G1..G5:pass	none	2026-07-21-metal-fri-fold-leaf-fusion	cafbe2c8a71f		claimed
2	24820b7c6102	1	2026-07-21T07:07:59Z	671dc42f179411544a96ff180ae3041a25edac39	s3	core_metal	small	rejected	0.971225	0.934191	1.001393	2.480250	0.000000	0.000000				G1..G5:pass	none	2026-07-21-metal-fri-fold-leaf-fusion	cafbe2c8a71f		claimed
2	24820b7c6102	1	2026-07-21T07:07:59Z	671dc42f179411544a96ff180ae3041a25edac39	s3	core_metal	wide	rejected	1.005769	0.987573	1.033786	12.632583	0.000000	0.000000				G1..G5:pass	none	2026-07-21-metal-fri-fold-leaf-fusion	cafbe2c8a71f		claimed
2	76d11f22730e	1	2026-07-21T07:07:59Z	fd3b4f6814c2b371fc478c16ddb26ae64a2cee7d	s3	core_metal	deep	promoted	0.897113	0.886560	0.946594	6.416209	0.000000	0.000000				G1..G5:pass	none	2026-07-21-metal-fri-linear-transcript-tail	f52e3a791dd7		claimed
2	76d11f22730e	1	2026-07-21T07:07:59Z	fd3b4f6814c2b371fc478c16ddb26ae64a2cee7d	s3	core_metal	small	rejected	0.960717	0.926427	0.995083	2.325042	0.000000	0.000000				G1..G5:pass	none	2026-07-21-metal-fri-linear-transcript-tail	f52e3a791dd7		claimed
2	76d11f22730e	1	2026-07-21T07:07:59Z	fd3b4f6814c2b371fc478c16ddb26ae64a2cee7d	s3	core_metal	wide	promoted	0.920861	0.891588	0.942822	11.329125	0.000000	0.000000				G1..G5:pass	none	2026-07-21-metal-fri-linear-transcript-tail	f52e3a791dd7		claimed
2	a9faa70efc0d	1	2026-07-21T07:07:59Z	016ced5f6468c59fa0eae211d5e71b93dde71972	s3	core_metal	deep	promoted	0.957329	0.942763	0.970711	7.548959	0.000000	0.000000				G1..G5:pass	none	2026-07-21-metal-fri-merkle-tail-arena	564cea426cf4		claimed
2	a9faa70efc0d	1	2026-07-21T07:07:59Z	016ced5f6468c59fa0eae211d5e71b93dde71972	s3	core_metal	small	promoted	0.953650	0.940186	0.966647	2.566500	0.000000	0.000000				G1..G5:pass	none	2026-07-21-metal-fri-merkle-tail-arena	564cea426cf4		claimed
2	a9faa70efc0d	1	2026-07-21T07:07:59Z	016ced5f6468c59fa0eae211d5e71b93dde71972	s3	core_metal	wide	promoted	0.969832	0.948094	0.988100	12.753708	0.000000	0.000000				G1..G5:pass	none	2026-07-21-metal-fri-merkle-tail-arena	564cea426cf4		claimed
2	35a0e0cfc689	1	2026-07-21T07:07:59Z	850598e59d9aca016c0da1d63c3852f8a7eabd46	s3	core_metal	deep	rejected	1.001341	0.982808	1.023523	7.300000	0.000000	0.000000				G1..G5:pass	none	2026-07-21-metal-fri-multiblock-merkle-tail	6c622c60297d		claimed
2	35a0e0cfc689	1	2026-07-21T07:07:59Z	850598e59d9aca016c0da1d63c3852f8a7eabd46	s3	core_metal	small	rejected	1.002021	0.955048	1.042966	2.423750	0.000000	0.000000				G1..G5:pass	none	2026-07-21-metal-fri-multiblock-merkle-tail	6c622c60297d		claimed
2	35a0e0cfc689	1	2026-07-21T07:07:59Z	850598e59d9aca016c0da1d63c3852f8a7eabd46	s3	core_metal	wide	rejected	0.997721	0.981143	1.018588	12.125417	0.000000	0.000000				G1..G5:pass	none	2026-07-21-metal-fri-multiblock-merkle-tail	6c622c60297d		claimed
2	9cd4618522e8	1	2026-07-21T07:07:59Z	58eefe30f62baa19f9e962d16d95584412fcb2a9	s3	core_metal	deep	rejected	0.993619	0.963527	1.004381	7.197000	0.000000	0.000000				G1..G5:pass	none	2026-07-21-metal-generic-merkle-multiblock	35819ff7920d		claimed
2	9cd4618522e8	1	2026-07-21T07:07:59Z	58eefe30f62baa19f9e962d16d95584412fcb2a9	s3	core_metal	small	rejected	0.956191	0.918741	0.994221	2.405750	0.000000	0.000000				G1..G5:pass	none	2026-07-21-metal-generic-merkle-multiblock	35819ff7920d		claimed
2	9cd4618522e8	1	2026-07-21T07:07:59Z	58eefe30f62baa19f9e962d16d95584412fcb2a9	s3	core_metal	wide	rejected	0.997012	0.972617	1.027912	12.331125	0.000000	0.000000				G1..G5:pass	none	2026-07-21-metal-generic-merkle-multiblock	35819ff7920d		claimed
2	7d32a7a3364b	1	2026-07-21T07:07:59Z	755146a5d1585201fe7cbf343d0486c9d812e8c4	s3	core_metal	deep	rejected	0.983472	0.968410	0.999115	7.452625	0.000000	0.000000				G1..G5:pass	none	2026-07-21-metal-generic-merkle-tail-arena	f81b2cc64f7f		claimed
2	7d32a7a3364b	1	2026-07-21T07:07:59Z	755146a5d1585201fe7cbf343d0486c9d812e8c4	s3	core_metal	small	rejected	1.016497	0.965424	1.072770	2.526042	0.000000	0.000000				G1..G5:pass	none	2026-07-21-metal-generic-merkle-tail-arena	f81b2cc64f7f		claimed
2	7d32a7a3364b	1	2026-07-21T07:07:59Z	755146a5d1585201fe7cbf343d0486c9d812e8c4	s3	core_metal	wide	rejected	0.986563	0.954659	1.003492	12.607458	0.000000	0.000000				G1..G5:pass	none	2026-07-21-metal-generic-merkle-tail-arena	f81b2cc64f7f		claimed
2	1d8462e1dcc8	1	2026-07-21T07:07:59Z	b9b19532efc37cbdb26226d4013232d45b3a29cd	s3	core_metal	deep	promoted	0.875375	0.867301	0.882483	5.604500	0.000000	0.000000				G1..G5:pass	none	2026-07-21-metal-linear-quotient-domain-walk	fcb324e4077c		claimed
2	1d8462e1dcc8	1	2026-07-21T07:07:59Z	b9b19532efc37cbdb26226d4013232d45b3a29cd	s3	core_metal	small	rejected	0.987012	0.960011	1.018376	2.401000	0.000000	0.000000				G1..G5:pass	none	2026-07-21-metal-linear-quotient-domain-walk	fcb324e4077c		claimed
2	1d8462e1dcc8	1	2026-07-21T07:07:59Z	b9b19532efc37cbdb26226d4013232d45b3a29cd	s3	core_metal	wide	promoted	0.852536	0.842975	0.877873	10.031959	0.000000	0.000000				G1..G5:pass	none	2026-07-21-metal-linear-quotient-domain-walk	fcb324e4077c		claimed
2	9d43757fa9c2	1	2026-07-21T07:07:59Z	95d5646555f4518093f0e48bf6ace310cad04c80	s3	core_metal	deep	promoted	0.950825	0.940786	0.963089	5.264875	0.000000	0.000000				G1..G5:pass	none	2026-07-21-metal-resident-quotient-domain-cache	483275c35d73		claimed
2	9d43757fa9c2	1	2026-07-21T07:07:59Z	95d5646555f4518093f0e48bf6ace310cad04c80	s3	core_metal	small	rejected	0.991205	0.949214	1.048192	2.373500	0.000000	0.000000				G1..G5:pass	none	2026-07-21-metal-resident-quotient-domain-cache	483275c35d73		claimed
2	9d43757fa9c2	1	2026-07-21T07:07:59Z	95d5646555f4518093f0e48bf6ace310cad04c80	s3	core_metal	wide	promoted	0.971633	0.960144	0.982279	9.814208	0.000000	0.000000				G1..G5:pass	none	2026-07-21-metal-resident-quotient-domain-cache	483275c35d73		claimed
2	2991e03d6e6c	1	2026-07-21T08:15:45Z	294e6f89428826e8e432d88e2be8bbb4792f4dfb	s3	core_cpu	deep	promoted	0.897127	0.880068	0.912878	7.271500	0.000000	0.000000				G1..G5:pass	none	2026-07-20-parallel-cpu-fft-constant-composition	5d2eb59b2f9d	2026-07-20T21:20:14Z+294e6f89428826e8e432d88e2be8bbb4792f4dfb	claimed
2	24820b7c6102	1	2026-07-21T08:17:38Z	671dc42f179411544a96ff180ae3041a25edac39	s3	core_metal	deep	rejected	0.999709	0.989145	1.011923	7.334625	0.000000	0.000000				G1..G5:pass	none	2026-07-21-metal-fri-fold-leaf-fusion	cafbe2c8a71f	2026-07-21T07:07:59Z+671dc42f179411544a96ff180ae3041a25edac39	claimed
2	9cd4618522e8	1	2026-07-21T08:19:27Z	58eefe30f62baa19f9e962d16d95584412fcb2a9	s3	core_metal	small	rejected	0.985103	0.967057	1.009508	2.300083	0.000000	0.000000				G1..G5:pass	none	2026-07-21-metal-generic-merkle-multiblock	35819ff7920d	2026-07-21T07:07:59Z+58eefe30f62baa19f9e962d16d95584412fcb2a9	claimed
2	7d32a7a3364b	1	2026-07-21T08:21:21Z	755146a5d1585201fe7cbf343d0486c9d812e8c4	s3	core_metal	deep	rejected	0.984867	0.967507	1.002689	7.476708	0.000000	0.000000				G1..G5:pass	none	2026-07-21-metal-generic-merkle-tail-arena	f81b2cc64f7f	2026-07-21T07:07:59Z+755146a5d1585201fe7cbf343d0486c9d812e8c4	claimed
2	9cd4618522e8	1	2026-07-21T08:30:15Z	58eefe30f62baa19f9e962d16d95584412fcb2a9	s3	core_metal	small	promoted	0.926648	0.907982	0.947698	2.376250	0.000000	0.000000				G1..G5:pass	none	2026-07-21-metal-generic-merkle-multiblock	f81b2cc64f7f	2026-07-21T08:19:27Z+58eefe30f62baa19f9e962d16d95584412fcb2a9	claimed
2	9cd4618522e8	1	2026-07-21T08:30:50Z	58eefe30f62baa19f9e962d16d95584412fcb2a9	s3	core_metal	deep	promoted	0.955957	0.939936	0.970190	7.272167	0.000000	0.000000				G1..G5:pass	none	2026-07-21-metal-generic-merkle-multiblock	f81b2cc64f7f		claimed
2	db6b3dc9fcad	1	2026-07-21T08:32:28Z	8618d75593bf3833aab169802c7574b0468d4e51	s3	core_metal	wide	promoted	0.960611	0.951332	0.970111	9.459542	0.000000	0.000000				G1..G5:pass	none	2026-07-21-metal-resident-fri-inverse-domains	91d18f7bdd44		claimed
2	db6b3dc9fcad	1	2026-07-21T08:32:28Z	8618d75593bf3833aab169802c7574b0468d4e51	s3	core_metal	deep	promoted	0.943690	0.931932	0.953413	4.963375	0.000000	0.000000				G1..G5:pass	none	2026-07-21-metal-resident-fri-inverse-domains	91d18f7bdd44		claimed
2	827c0794eea9	1	2026-07-21T09:54:23Z	c05cec4f5f94a349d390ae12fb8c5c115232c237	s3	core_metal	wide	promoted	0.953307	0.939288	0.962935	9.198541	0.000000	0.000000				G1..G5:pass	none	2026-07-21-paired-circle-basis-reuse	3979c29efd9c		claimed
2	827c0794eea9	1	2026-07-21T09:58:55Z	53c021b953de0adc0c24c2e54eaf2a300a38cff9	s3	core_cpu	wide	promoted	0.933087	0.921148	0.957615	10.257791	0.000000	0.000000				G1..G5:pass	none	2026-07-21-paired-circle-basis-reuse-cpu	3979c29efd9c		claimed
2	becd88e4944a	1	2026-07-21T10:51:00Z	4ad1207455b252bffe270a9e5a384661a5f57c5a	s3	core_metal	wide	promoted	0.866114	0.844814	0.883687	7.814709	0.000000	0.000000				G1..G5:pass	none	2026-07-21-bounded-m31-reduction-cpu-metal	9efa1dba0714		claimed
2	becd88e4944a	1	2026-07-21T10:51:00Z	4ad1207455b252bffe270a9e5a384661a5f57c5a	s3	core_metal	deep	promoted	0.960649	0.919915	0.980512	4.627625	0.000000	0.000000				G1..G5:pass	none	2026-07-21-bounded-m31-reduction-cpu-metal	9efa1dba0714		claimed
2	becd88e4944a	1	2026-07-21T10:51:00Z	4ad1207455b252bffe270a9e5a384661a5f57c5a	s3	core_metal	small	promoted	0.965743	0.944044	0.987941	2.436791	0.000000	0.000000				G1..G5:pass	none	2026-07-21-bounded-m31-reduction-cpu-metal	9efa1dba0714		claimed
2	becd88e4944a	1	2026-07-21T10:51:00Z	4ad1207455b252bffe270a9e5a384661a5f57c5a	s3	core_cpu	deep	promoted	0.943371	0.923037	0.955130	6.292166	0.000000	0.000000				G1..G5:pass	none	2026-07-21-bounded-m31-reduction-cpu-metal	9efa1dba0714		claimed
2	becd88e4944a	1	2026-07-21T10:51:00Z	4ad1207455b252bffe270a9e5a384661a5f57c5a	s3	core_cpu	small	promoted	0.936051	0.907390	0.959173	1.417666	0.000000	0.000000				G1..G5:pass	none	2026-07-21-bounded-m31-reduction-cpu-metal	9efa1dba0714		claimed
2	becd88e4944a	1	2026-07-21T10:51:01Z	4ad1207455b252bffe270a9e5a384661a5f57c5a	s3	core_cpu	wide	promoted	0.923793	0.909715	0.947753	9.660250	0.000000	0.000000				G1..G5:pass	none	2026-07-21-bounded-m31-reduction-cpu-metal	9efa1dba0714		claimed
2	6f3edb9c3f99	1	2026-07-21T12:32:20Z	3065d951c3924bfba852ef1abfbbc3fd579a775a	s3	core_cpu	wide	promoted	0.791075	0.782357	0.803033	9.340916	0.000000	0.000000				G1..G5:pass	none	2026-07-21-qm31-direct-lane-base-multiply-cpu-metal	1c3f3ca758d1		claimed
2	6f3edb9c3f99	1	2026-07-21T12:32:21Z	3065d951c3924bfba852ef1abfbbc3fd579a775a	s3	core_metal	wide	promoted	0.759787	0.739638	0.781306	8.096208	0.000000	0.000000				G1..G5:pass	none	2026-07-21-qm31-direct-lane-base-multiply-cpu-metal	1c3f3ca758d1		claimed
2	dd5d524a2e57	1	2026-07-21T14:22:45Z	5f0841b4e9db01470f5f666687e0fe0fa6a5cca4	s3	core_metal	deep	promoted	0.966342	0.956411	0.975300	4.554333	0.000000	0.000000				G1..G5:pass	none	2026-07-21-metal-simd-cooperative-merkle-tails	f7cfb67de953		claimed
2	a98953ce779f	1	2026-07-21T17:50:00Z	935c69766e299bf88291b701493b09c62f0cafb9	s3	core_cpu	small	promoted	0.811637	0.786817	0.838525	1.335666	0.000000	0.000000				G1..G5:pass	none	2026-07-21-cpu-merkle-subtree-scheduling	9046758f0def		claimed
2	a98953ce779f	1	2026-07-21T17:50:01Z	935c69766e299bf88291b701493b09c62f0cafb9	s3	core_cpu	deep	promoted	0.811271	0.795189	0.827415	5.790625	0.000000	0.000000				G1..G5:pass	none	2026-07-21-cpu-merkle-subtree-scheduling	9046758f0def		claimed
2	a98953ce779f	1	2026-07-21T17:50:01Z	935c69766e299bf88291b701493b09c62f0cafb9	s3	core_cpu	wide	promoted	0.892052	0.878754	0.918126	9.632083	0.000000	0.000000				G1..G5:pass	none	2026-07-21-cpu-merkle-subtree-scheduling	9046758f0def		claimed
2	a98953ce779f	1	2026-07-21T17:50:27Z	ac5ba496ada7f2d1537eb7cc29e90c4745d76a91	s3	core_cpu	wide	neutral	0.947679	0.938248	0.967245	10.184042	0.000000	0.000000				G1..G5:pass	none	2026-07-21-fft-bottom-layer-fusion	8e58d7015e28		claimed
3	d3c02e0d3cae	2	2026-07-21T21:00:46Z	cbe81ba74b731569e8f659610cc8824fb1a8d713	s3	core_cpu	deep	promoted	0.956338	0.948471	0.966256	4.722042	0.000000	21.407143			1.101738	G1..G5:pass	none	2026-07-21-deferred-first-tree-current-main	f89dd0ee832a		claimed	sha256:142cce237fd6fc54fb30cafc7d3b2daa200ee93ea63a72eb48bf659fc1234251	sha256:8bcb47029f94472ace45b8c1291b18cbb958f5e71c2c42355bbafdd0a32f5e14	promotion	[]	[]	sha256:56b95d430333e782301f7265e79e4822be9a634f59a695f9151c8809fbaaaa4d	45200	36.300175	7
3	55260603bbbe	2	2026-07-21T23:19:43Z	86f9dcb217742b629196dea684ba18da6a83ef80	s3	core_cpu	huge	promoted	0.950000	0.944843	0.957135	814.475208	0.000000	1645.361435			39.437491	G1..G5:pass	none	2026-07-21-shared-umin-native-metal-lde	7f00554f9df4		claimed	sha256:8030a450ec622756980bb773ce6c4ba790b8ae2cdfbcc5006e276ed13fc8c33b	sha256:5c483687162a71bfe61886e42073f9c2cdd0eff02b9656853b14710e0750719a	promotion	[]	[]	sha256:f8ba62897ad3367df386d285c8e96ed8702c9ec3a3732767ae93404db1762f02	86383	36.324467	3
3	55260603bbbe	2	2026-07-21T23:19:43Z	86f9dcb217742b629196dea684ba18da6a83ef80	s3	core_metal	xlarge	promoted	0.970515	0.961068	0.977978	408.540458	0.000000	517.298340			11.416899	G1..G5:pass	none	2026-07-21-shared-umin-native-metal-lde	7f00554f9df4		claimed	sha256:ffda7bedf7fe7855472658055882aaedadb0c714435b064aeba9eed18c88e466	sha256:bc22869f072ac25d16f8e813c1b81319e660d774c3985b0ddf261832eb42af4b	promotion	[]	[]	sha256:3d38afd07799a32f5e83908517ef44518d5a2a3fbc6f9e96853412ea7de98112	74328	53.317711	5
3	685d2224daeb	2	2026-07-22T01:32:14Z	174be4268f6919cd8f4e55923b5ca5b60ac5836c	s3	core_cpu	small	rejected	0.977196	0.954037	1.004630	1.237292	0.000000	4.719322			0.131962	G1..G5:pass	none	2026-07-21-quotient-pipeline-compound	bc8c167cb210		claimed	sha256:cc18b1ed049ddd2b94946c3f8b9c957ba1f2eaf6e80d17805b777c9773591333	sha256:29a8294eeb0db6e778e4372fa2c212e480ac6c7489f008522e3a3363ceb59d49	promotion	[]	[]	sha256:56aaae22de12db6a77ace8707586cd0b49bd6e5832ad22be104db531de59010f	24965	60.708902	15
3	685d2224daeb	2	2026-07-22T01:32:14Z	174be4268f6919cd8f4e55923b5ca5b60ac5836c	s3	core_cpu	deep	rejected	0.970982	0.954163	0.988515	5.143625	0.000000	20.469437			1.085818	G4:fail	none	2026-07-21-quotient-pipeline-compound	bc8c167cb210		claimed	sha256:80d617f4aafc8764b4a39cf45acb3140ce9f2000a0a3903482ca48f630b19453	sha256:69ab248b910447bb6daaa918353c544229eec0ff573e507571624ae1053b483e	promotion	[]	[]	sha256:f18a4ff914517aafb54c3b14d9d14689ba67d20aa283874fddcb1d8ca3da4be3	45200	63.109364	15
3	685d2224daeb	2	2026-07-22T01:32:15Z	174be4268f6919cd8f4e55923b5ca5b60ac5836c	s3	core_cpu	wide	rejected	1.005731	0.950573	1.061683	8.999583	0.000000	20.781960			1.739576	G4:fail	none	2026-07-21-quotient-pipeline-compound	bc8c167cb210		claimed	sha256:d586bcbd7e763dbc478895e2c5f7d69e8a1db27da5aed9edce28d72420f0b10c	sha256:7a96c714a551215824edfa5efdd23c439e9538bcb69fd953164a98cb96ba5b76	promotion	[]	[]	sha256:8cef877ad4bd5aeea351ecd21da21efd14d82f78f520710d15883060c370baf8	41840	75.276544	15
3	a9bf238c4fdc	2	2026-07-22T02:33:40Z	4ac2266ee7e9e2444b48b8956a04f8eee05bc1cf	s3	core_cpu	xlarge	promoted	0.770148	0.764104	0.773767	166.644042	0.000000	420.204109			21.876846	G1..G5:pass	none	2026-07-22-cache-skewed-shared-column-arena	bca6540a3fbe		claimed	sha256:14dd4cdd33103cfbabd95cdd7945d4569c5ba1368f56103960af9efe38965411	sha256:0bbe38e614ce12b78efd47079e37ec579694893b9d670e7182319ee88706e355	promotion	[]	[]	sha256:08739ea05ca79a0a697efba3b33e6067a0308fa2c8b0507da516350a6aea7dd8	74328	32.304176	5
3	a9bf238c4fdc	2	2026-07-22T02:33:40Z	4ac2266ee7e9e2444b48b8956a04f8eee05bc1cf	s3	core_metal	huge	promoted	0.454118	0.402681	0.559136	609.984334	0.000000	1644.798775			10.644126	G1..G5:pass	none	2026-07-22-cache-skewed-shared-column-arena	bca6540a3fbe		claimed	sha256:72edb6a6f451c3dae9faa55847ee74f7e1bfc69eb8367d7d66400af84dae964b	sha256:67d763411718095bac970186186e3b555064d74f0e3dcee581a6e4af15b4a0a3	promotion	[]	[]	sha256:9d7e1cd5c47cb4f2fb639c1482b12e54abe72bced92b80c57916e1f44f5490d5	86383	72.203945	5
3	a9bf238c4fdc	2	2026-07-22T02:33:40Z	4ac2266ee7e9e2444b48b8956a04f8eee05bc1cf	s3	core_metal	xlarge	promoted	0.390284	0.380132	0.397715	160.480416	0.000000	516.923386			6.601323	G1..G5:pass	none	2026-07-22-cache-skewed-shared-column-arena	bca6540a3fbe		claimed	sha256:869cb06c453b94600eda3d9634e4e668e36524fc67946dee9c237db3eb153b43	sha256:1a943c83756731fdb098fb3a0b166132e97faf0c923757787ca4eb1e26da8cb0	promotion	[]	[]	sha256:e57d02afd7a81311c1fdee2ba496cf6f4a70afff6de7c962924cffe1d148a605	74328	57.746006	5
3	a9bf238c4fdc	2	2026-07-22T02:33:40Z	4ac2266ee7e9e2444b48b8956a04f8eee05bc1cf	s3	core_cpu	huge	promoted	0.862618	0.850738	0.908437	709.310583	0.000000	1668.767548			37.654863	G1..G5:pass	none	2026-07-22-cache-skewed-shared-column-arena	bca6540a3fbe		claimed	sha256:f042e3137bc52f49a976562e5afa991cd74f9e6f96d590aba8cdca7272a04d42	sha256:3c5aea49448aaebde0616186b67e170c7973dcad7c4261a9f4be27f2a6f19f54	promotion	[]	[]	sha256:9c29ac70b4c553178908488cf259ef16e137e53c1f30d068c7b7bd679eb5cf35	86383	46.492306	5
3	8d9c30a5778c	2	2026-07-22T05:11:14Z	2f02b8e4416170e171f3532b434dfb43878dd91c	s3	core_cpu	xlarge	promoted	0.878534	0.864409	0.889791	146.030792	0.000000	422.141586			20.244201	G1..G5:pass	none	2026-07-22-large-column-page-rotation	5bf964b78643		claimed	sha256:098f395535d3ae12533dc461108f43e4341f8793363f65ede3c14a9b6ce51525	sha256:160a3b6c313e5cead3a557b6d6765c58135b87a790e9c3e61f6fc44a6a674f44	promotion	[]	[]	sha256:28ee312a306119590d358ce3fc751593fee06bac22bb691a5821d9b112b75ca9	74328	35.625035	5
3	8d9c30a5778c	2	2026-07-22T05:11:14Z	2f02b8e4416170e171f3532b434dfb43878dd91c	s3	core_metal	huge	promoted	0.880262	0.868619	0.888441	495.137958	0.000000	1646.533195			9.819691	G1..G5:pass	none	2026-07-22-large-column-page-rotation	5bf964b78643		claimed	sha256:02ecb2e8c878db3a98166ca33e72307ad271ca87c596a8047f8f7feb3f174125	sha256:90544e55241085642ee0f4773433952b8c09d9b2c02a25822ec3980b6c83261b	promotion	[]	[]	sha256:a60cb94bfb1d64dab3f70c5a457319b25255c4ef6f2bd1310f4f490db1cb1472	86383	49.545794	5
3	8d9c30a5778c	2	2026-07-22T05:11:15Z	2f02b8e4416170e171f3532b434dfb43878dd91c	s3	core_metal	xlarge	promoted	0.867736	0.844552	0.874057	139.679979	0.000000	518.704659			5.959912	G1..G5:pass	none	2026-07-22-large-column-page-rotation	5bf964b78643		claimed	sha256:c561a9ddb71d315337e4153422dcfeaeba43757e477173eaa87a38471cf35915	sha256:87220b03dbe71eb23871db3942881a815b29eb46ba4879e5e9eb5c6e746eb5b2	promotion	[]	[]	sha256:5fa706a5168932eba0057de77795414eaa86f27747d275f5b57eb34dafb2b515	74328	43.252037	9
3	8d9c30a5778c	2	2026-07-22T05:11:15Z	2f02b8e4416170e171f3532b434dfb43878dd91c	s3	core_cpu	huge	promoted	0.878685	0.875646	0.883551	601.630500	0.000000	1661.283241			34.367085	G1..G5:pass	none	2026-07-22-large-column-page-rotation	5bf964b78643		claimed	sha256:fbb4a2c790acd366e5d59761bef352ff6d6263991a20fd5dfdad33c95cf560ae	sha256:c2881477464635aa24cdabe7caeaeb892f785cdc91192570c08a701f5fc271aa	promotion	[]	[]	sha256:3061cefb3277de4b696f436f88d744a88f303064adb6d8679b652e00b5bcc6c1	86383	37.628404	3
3	ce5d828dee5f	2	2026-07-22T06:41:47Z	b7e69801f554b38395853720b4fcbc2aba490946	s3	core_metal	xlarge	promoted	0.941119	0.931820	0.957408	129.995542	0.000000	519.001419			5.785015	G1..G5:pass	none	2026-07-22-metal-secure-composition-ifft	40cd456fd998		claimed	sha256:e72fa36d96b54e807e44599886f9e0356c4fd59b9d0113bb61b753bdabf2b69c	sha256:cf5909bd0acb6fb363a9ac139fcc473af4b7d60dacee16de81576ccee609831d	promotion	[]	[]	sha256:c7f0ca74fef1fe2112f13f455e5a1c078174ccf0e597bb586bae686f360ac670	74328	53.927421	9
3	ce5d828dee5f	2	2026-07-22T06:41:47Z	b7e69801f554b38395853720b4fcbc2aba490946	s3	core_metal	huge	promoted	0.940670	0.926108	0.955107	452.769750	0.000000	1646.908195			9.197348	G1..G5:pass	none	2026-07-22-metal-secure-composition-ifft	40cd456fd998		claimed	sha256:8091f5c58698cbc493890a587f773e43d0d460ebf211efe5a001c33e2a9bf973	sha256:7b3231127866302cd8a8255384e9261c432dea29a8c90c9ae6ef29886b847cbe	promotion	[]	[]	sha256:d6d9de99a1f9eff0a4ed1d0dd2fd69f29ad17906e187c06aafefee31e8a2b46a	86383	51.501556	5
3	f951c0355534	2	2026-07-22T08:38:30Z	e7adc4fbc16d4d5bad7064c8fc093ec832e5c178	s3	core_metal	xlarge	promoted	0.369053	0.362346	0.376828	48.755980	0.000000	517.501259			3.512821	G1..G5:pass	none	2026-07-22-metal-row-parallel-air-composition	971db238e3e4		claimed	sha256:7421932902510185324edf25f72554021f730a3fe5601077ab9563b1676d62cf	sha256:bc86965ae8f78c26785078a96c6dbda17a752fa2988e1cb37fe4a3a054a76b10	promotion	[]	[]	sha256:51484bcac1480863d007e1804d443944b41f194a7870e0563f8d0d43bfe119a9	74328	12.609317	6
3	f951c0355534	2	2026-07-22T08:38:30Z	e7adc4fbc16d4d5bad7064c8fc093ec832e5c178	s3	core_metal	huge	promoted	0.355611	0.350949	0.360750	157.275125	0.000000	1646.080093			6.949532	G1..G5:pass	none	2026-07-22-metal-row-parallel-air-composition	971db238e3e4		claimed	sha256:28adfe3f07b92580e83f2066f71152d6fbd566efb4cf5df306e32eca681d7b18	sha256:50761d5001fca8ef6896a582056c851f22720d7d898b6dd01ab4c7c7cfdfbb6f	promotion	[]	[]	sha256:5484f21ab30baabb8ff048dbf06cbeef62ad0927f0001ba483a306ab9fea8384	86383	16.777575	5
3	4c483c015b6e	2	2026-07-22T09:59:57Z	8d164dfa5c5dfaeeb842a9bdddbce3d26f8b5cae	s3	core_cpu	huge	promoted	0.595877	0.593967	0.596739	370.501041	0.000000	1646.861343			34.707902	G1..G5:pass	none	2026-07-22-pr6-batched-cpu-composition	a77e59d43ec1		claimed	sha256:297af6b20be5bd22d32980b4b476e5993261c48915ee237ca66226d54d9fc102	sha256:4e1e5be8c4e1ffdc92de44397a73f5d46c087ebc7371e4dcd66ee9fbc5acc07a	promotion	[]	[]	sha256:9b97d915e4162fd0034c51d7c603932faa7738f2a72704436174ff345b51f6ff	86383	30.881418	3
3	e66cccc0c07c	2	2026-07-22T10:40:25Z	782399da80b32d51e2850d47ac77a7a2657155fc	s3	core_metal	huge	promoted	0.930430	0.905652	0.955546	160.540584	0.000000	1646.048843			6.847984	G1..G5:pass	none	2026-07-22-metal-circle-commit-epoch	505537924cd4		claimed	sha256:d30bcc232d6864855629f2918b3e0ffb4b2299e236b83dbfcb40bd082b94562a	sha256:07dd081a48c37cc64dc4d5697fed6b1d2ea071650d5e967ec9f68802ce6a5f4d	promotion	[]	[]	sha256:436e794732b8d4788b6990e704f76d5857f38d45dddbc0ff42e8a44d3ef4d935	86383	16.268912	5
3	2b0be386f6ea	2	2026-07-22T11:09:31Z	c357bc103ffc538ffd4ead19a117c392d8aa3306	s3	core_metal	wide	promoted	0.637985	0.610409	0.649457	4.830250	0.000000	161.657120			0.383887	G1..G5:pass	none	2026-07-22-metal-mid-size-recurrence-crossover	0d7f457364e7		claimed	sha256:77975531d46c566dac2233415764e5d593be9f9469401fc8fb64827c1670209c	sha256:6a0cc4358d16b8492451e70892e5bdc75ffc103708cfc723d612c2a9b95df4f0	promotion	[]	[]	sha256:5941a6d4820ef98d037790fe85fdb1cbceb9b13aa79eee7164e5b9131cd6e97d	41840	6.124200	15
3	64878f802743	2	2026-07-22T19:05:58Z	fd176a74eadf442881f7511371b50a8936805598	s3	core_cpu	huge	promoted	0.923939	0.912942	0.936165	332.792208	0.000000	1646.892639			31.825959	G1..G5:pass	none	2026-07-22-cpu-adv-simd-fft-tails	354da109e02a		claimed	sha256:8c2e0568edde990480a178aa6bda3a48b0c8b5810d22a72a8d24b5e3136ec5de	sha256:e3870c6b27c77b73802b15ce1ab3d32e742b64847595f633ac50193c4a0822a5	promotion	[]	[]	sha256:48a77f4bed6a635e5cda225fe970dd0969dcf9a0691f72ded00334eb54aad67a	86383	50.003035	5
3	a83513e14102	2	2026-07-22T19:53:27Z	7fae755594ecbb3fd351e1029214c93b3a153bc3	s3	riscv	deep	promoted	0.724575	0.723189	0.726258	1780.298098	0.000000	1344.282106			74.661342	G1..G5:pass	none	2026-07-22-2026-07-22-riscv-lifted-run-strength-reduction	9095ecec918f		claimed	sha256:dd2e466c2c1a1a29f3855efc6e007ed056cefb296a74429d497a7a9e40b6dbf2	sha256:7f2f8d3e62abfb0ed1af8afd5413b02e3a9467da06f61a26ec644064ff327818	promotion	[]	[]	sha256:323cdd1b47b64fe29cc141fc0d0e1909c27a94320cf1cf947031ae9000098f79	67692	225.141156	23
3	69eda368bf49	2	2026-07-22T20:57:39Z	610f42d21eab083dcf594194ff58066dc317e59d	s3	riscv	deep	promoted	0.958426	0.954944	0.962133	1710.721072	0.000000	1344.188736			63.322467	G1..G5:pass	none	2026-07-22-riscv-register-grouped-quotients	e20d72ac90af		claimed	sha256:d5980e53db9e1ac175726b587ce97d04b2c17a29b66495b6fea47e6dd04d4403	sha256:bc45a6417ac0e80530a5955becbad0553d7bba006c768c2cc25a666622f8f159	promotion	[]	[]	sha256:9ffd90e838f300479369d8b12412e3d95101e7faf0d082f0b03a12ff57f65753	67692	279.423719	33
3	083877c03a81	2	2026-07-22T23:24:26Z	ece3b09d88f2269ec3d0aa240425e515ec90971f	s3	riscv	deep	promoted	0.930236	0.927643	0.933370	1559.753890	0.000000	1345.249203			56.731425	G1..G5:pass	none	2026-07-22-riscv-direct-column-streaming-simd	e6e86b072604		claimed	sha256:7863e5756e38046d528562e46d5d2fe8e6cc76195048c78df9beb22720abb5f9	sha256:e5a93c06d205de75e6c3529d20cb9406e2bf6026f459249b1a5846cc408e7631	promotion	[]	[]	sha256:426ff6eadad066fee99fbed3b19e531493c99891764ffb059a58b77fdd3b05fe	67692	203.214663	25
3	20e097517010	2	2026-07-23T02:43:05Z	dd4bd2a135fac6e3ebd4de71198adfd935522629	s3	riscv	deep	promoted	0.982416	0.980101	0.984837	1531.363827	0.000000	1344.621868			53.924727	G1..G5:pass	none	2026-07-23-riscv-shared-prover-vectorization	0a04f85af1e2		claimed	sha256:04514044f71a5ff3b70ea1ab2f228e2cbd46f649543a2b808185b67789661d75	sha256:8f50daa46d65e061708f8ae5b40ecfd434810dc70ca234941bdafb4472610538	promotion	[]	[]	sha256:d4280bafea8be5ddeee1c4021b43a430625823b875a62cd753cf46c14c705a6d	67692	171.575155	23
3	f05c84e1750f	2	2026-07-23T06:01:11Z	c93c0839810f6c920ff352d7a4097f04fbb539e9	s3	core_metal	xlarge	promoted	0.944067	0.917937	0.958276	29.378751	0.000000	326.001099			0.456356	G1..G5:pass	none	2026-07-23-metal-resident-transform-fusion-final	7c9e2e227ffe		claimed	sha256:2b5ecba27247c949651705522651fc65af932f78edec2de04ba4d0ebf9cbbfad	sha256:12cc145720ed62d09dad05c313a84fe3d528e2ce738fc638272dae0874981907	promotion	[]	[]	sha256:0e5ff692eb9c045f4f763c9d9e9c55a6184d271c2053a88955109c67dfd4bf53	74328	16.809242	9
3	f05c84e1750f	2	2026-07-23T06:01:11Z	c93c0839810f6c920ff352d7a4097f04fbb539e9	s3	core_metal	huge	promoted	0.929704	0.918310	0.941450	110.789208	0.000000	880.345078			0.644923	G1..G5:pass	none	2026-07-23-metal-resident-transform-fusion-final	7c9e2e227ffe		claimed	sha256:d1a1df5318af0c15c3518a4507a830bad66438151af592191f5b6d1f6fcb1aa5	sha256:33f87d45e4a8c335315000ddd36b263bafe82236ab505c0380abcb4243b62766	promotion	[]	[]	sha256:e225538b163e5eb4199c6050729eae05efcf74c72f65cc909835d65242fc2465	86383	19.147414	5
3	2290dbc5d935	2	2026-07-23T07:42:37Z	17376f1b222f88ec7606ee6d445987efddea067a	s3	core_metal	xlarge	promoted	0.952527	0.930236	0.965666	30.015729	0.000000	326.157349			0.448573	G1..G5:pass	none	2026-07-23-metal-cooperative-high-circle-layers	a01299b4c42c		claimed	sha256:8514bb97c3a26e5cdd7e5c314b8552ffb213cfd66e513b69df43bd3b0b175e4c	sha256:a80baf29a614158e5f8312b124dd79da551b39ab6a6e70e440a41e90d443c453	promotion	[]	[]	sha256:a741445db082fc1400b659ac65c22aa2abc03e072171f54ab3da3418c35bc8ae	74328	24.219608	9
3	083877c03a81	2	2026-07-23T09:30:38Z	179d83f56ca1b74292bcc9dab7fbd2206c10ef31	s3	core_metal	xlarge	neutral	0.725858	0.705944	0.751714	41.529479	0.000000	351.313736			0.568705	G1..G5:pass	none	2026-07-22-pr83-resident-pipeline-retro	e363cadb75b4		claimed	sha256:1dcb9ae38584d55876ad59c8b397c2bca066756dd0f73688783f7aba6eeea9ef	sha256:553b569bfcebeb025b8fd8ac583c2249e21efb94b2e9a7c9722c446323cfd703	promotion	[]	[]	sha256:64c33be26388d47214c01cef6d408ea36c009afbd73159c9b9213765e22e3a13	74328	25.585825	9
3	083877c03a81	2	2026-07-23T09:30:38Z	179d83f56ca1b74292bcc9dab7fbd2206c10ef31	s3	core_metal	huge	neutral	0.748830	0.609648	0.771348	180.505458	0.000000	882.345512			0.837806	G1..G5:pass	none	2026-07-22-pr83-resident-pipeline-retro	e363cadb75b4		claimed	sha256:99738ac5c0b164a0520b6dbf586b5ffd28e62e13a02a4c0fdf44a1f079cb8bb0	sha256:46d15452f5a131d00e2e7c4b3ab2cc7882e9339567a829115cdd7342293fa948	promotion	[]	[]	sha256:3ef83dcaeac2d3511f2a476fdc4ec59cec2dc4ee50288771f1c86d23bf4f46a3	86383	11.008116	5
3	083877c03a81	2	2026-07-23T09:30:38Z	179d83f56ca1b74292bcc9dab7fbd2206c10ef31	s3	core_metal	wide	rejected	0.981937	0.948632	1.029035	5.081666	0.000000	191.813347			0.337024	G1..G5:pass	none	2026-07-22-pr83-resident-pipeline-retro	e363cadb75b4		claimed	sha256:75cf40720bd500769d31ad70013c708bb8cc53858754a7b6262c478b38eceafe	sha256:309466355f8b6c18acb13a275b94064c23519c6cef440794456f266a2cfb313e	promotion	[]	[]	sha256:9566e085dde2578505ed262497fcbd8e75b53602114417108275d5d03b062a18	41840	4.580873	15
3	083877c03a81	2	2026-07-23T09:30:38Z	179d83f56ca1b74292bcc9dab7fbd2206c10ef31	s3	core_cpu	huge	promoted	0.848725	0.823587	0.868130	383.776083	0.000000	1630.408058			23.310562	G1..G5:pass	none	2026-07-22-pr83-resident-pipeline-retro	e363cadb75b4		claimed	sha256:aa900196b31705f6323a3694d757155f4f3a20e8906160b2c5273895017896d6	sha256:e88146036136fd3f39d2e5d89ca53969e6e7c07a53f3d1e15a7c07900cc0db8c	promotion	[]	[]	sha256:e9128aad38f4bd78b17ea6f638940763b6c1c3d34aa4907c90d8efeb7f8c8341	86383	16.144379	5
3	083877c03a81	2	2026-07-23T09:30:38Z	179d83f56ca1b74292bcc9dab7fbd2206c10ef31	s3	core_cpu	wide	promoted	0.924344	0.913630	0.934954	7.061833	0.000000	21.344551			1.424281	G1..G5:pass	none	2026-07-22-pr83-resident-pipeline-retro	e363cadb75b4		claimed	sha256:a03269ed2afdecc8034e1847df18469836a292c3d88efa97dea08e68eacff49d	sha256:d99adc5fd9c033aaea174b417324e4613acd7bd352dbfbfe0785e02f093cc3be	promotion	[]	[]	sha256:7dca760809f7b5599ebfae9eea02fc34addaa882c11678fab9ba4410223b4884	41840	7.394022	20
3	abdfcf45daf4	2	2026-07-23T09:38:23Z	c35d409b0d51c05b63497b0f657402480f93de82	s3	core_metal	huge	promoted	0.969886	0.966150	0.985253	108.731625	0.000000	822.985703			0.594509	G1..G5:pass	none	2026-07-23-metal-paired-expansion-high-transform	019699fd706c		claimed	sha256:5687691c379d63b2d5e42dd930e7535f80b01534089e19d17356d68f92f6c7c5	sha256:530cea712621d373591b292bd0fbe0d4dbe1b61fdd0f9b7633eed4ce3f7e579f	promotion	[]	[]	sha256:9429a048f0c6f1e4eee873e188b57b23b9f8120263615ba100f492c151dce202	86383	31.907007	5
3	8b24d0b2eb96	2	2026-07-23T10:58:22Z	632c3d62643663a5f4905603565ed4c5243427fd	s3	core_cpu	wide	promoted	0.791173	0.784577	0.802100	4.960083	0.000000	21.719620			1.283553	G1..G5:pass	none	2026-07-23-2026-07-23-cpu-latency-recurrence-plan	4259c8486593		claimed	sha256:d4a26861fa09d61a38c814b4222da84064ebaa930c6c28718a29f4469b0e8fa8	sha256:6891b86ebccafc18efd29bbee73a638464bd8b00417fd49f6475f34601a99e7d	promotion	[]	[]	sha256:aa8a8551572da52322146939a457adb3c5a521be24234105aff89987180e198d	41840	20.249045	7
3	083877c03a81	2	2026-07-23T11:21:44Z	179d83f56ca1b74292bcc9dab7fbd2206c10ef31	s3	core_metal	xlarge	promoted	0.725858	0.705944	0.751714	41.529479	0.000000	351.313736			0.568705	G1..G5:pass	none	2026-07-22-pr83-resident-pipeline-retro	e363cadb75b4	sha256:1dcb9ae38584d55876ad59c8b397c2bca066756dd0f73688783f7aba6eeea9ef	claimed	sha256:b5765fffdb71806d525571a625b8e6ee6bac1d953a2e831ad2be039b7ea3bdb1	sha256:553b569bfcebeb025b8fd8ac583c2249e21efb94b2e9a7c9722c446323cfd703	promotion	[]	[]	sha256:64c33be26388d47214c01cef6d408ea36c009afbd73159c9b9213765e22e3a13	74328	25.585825	9
3	083877c03a81	2	2026-07-23T11:21:44Z	179d83f56ca1b74292bcc9dab7fbd2206c10ef31	s3	core_metal	huge	promoted	0.748830	0.609648	0.771348	180.505458	0.000000	882.345512			0.837806	G1..G5:pass	none	2026-07-22-pr83-resident-pipeline-retro	e363cadb75b4	sha256:99738ac5c0b164a0520b6dbf586b5ffd28e62e13a02a4c0fdf44a1f079cb8bb0	claimed	sha256:fbf252d4570139528afe49a8debcff402b4525b751fa9ec68864f7a6d927aa10	sha256:46d15452f5a131d00e2e7c4b3ab2cc7882e9339567a829115cdd7342293fa948	promotion	[]	[]	sha256:3ef83dcaeac2d3511f2a476fdc4ec59cec2dc4ee50288771f1c86d23bf4f46a3	86383	11.008116	5
3	6895a1942700	2	2026-07-23T13:07:49Z	48d2137f9f8ace61ec4418a6a4c5d1f299911e06	s3	core_metal	wide	promoted	0.917360	0.890531	0.941376	4.272916	0.000000	164.922951			0.309276	G1..G5:pass	none	2026-07-23-metal-resident-quotient-fri-transaction	2beae9d03b33		claimed	sha256:75fde673fd85777470aab967721012a7b3b587771d6d72ba11d8b29f309df169	sha256:f2c32fe5c4f6901e6a364f8118d0abde6358d0d5f7d91e6718189c8e36062fe2	promotion	[]	[]	sha256:4bfcceb93172b1f1487cf722ae9d03544f96490d614d5dc46cd8e1fba0fae9c1	41840	3.788195	15
3	7efe3b1abd72	2	2026-07-23T15:20:32Z	e2b4926e3f89dcbb217c62a8bdfb3939bea9e9fb	s3	riscv	small	promoted	0.889288	0.881676	0.896908	817.052341	0.000000	1178.714931			31.058463	G1..G5:pass	none	2026-07-23-riscv-sparse-qm31-base	2beae9d03b33		claimed	sha256:99ce69e12b28d2d312b8f42a5f5c10d938949115d10be77f5753426e84d4df17	sha256:bfda0f03f4ed19eef0f21619a77b153b204bd7490dcd84ba283474893a6d4093	promotion	[]	[]	sha256:c0fa3b43a579e9bcf946fbfd217c1154a7e8f45b776946504c21284832f34f65	58407	116.321267	30
3	7efe3b1abd72	2	2026-07-23T15:20:32Z	e2b4926e3f89dcbb217c62a8bdfb3939bea9e9fb	s3	riscv	deep	promoted	0.803918	0.799976	0.808122	1260.467011	0.000000	1344.828467			47.226419	G1..G5:pass	none	2026-07-23-riscv-sparse-qm31-base	2beae9d03b33		claimed	sha256:2af763bc18dc9afda3db579ffdf82f720c7cd4567d4e5cc2e71f97ba9cdfeea5	sha256:3c98cd62a4740357ef7a6ffb3cde2ee9a7b91b11596526c80d3fa5d58701527a	promotion	[]	[]	sha256:b9296f841b9a56cb5939799a8805617a7212499af20715179157bb4fd6e12d80	67692	211.636388	29
3	7efe3b1abd72	2	2026-07-23T15:20:32Z	e2b4926e3f89dcbb217c62a8bdfb3939bea9e9fb	s3	riscv	wide	promoted	0.764489	0.759632	0.771063	884.847919	0.000000	1263.422529			37.762286	G1..G5:pass	none	2026-07-23-riscv-sparse-qm31-base	2beae9d03b33		claimed	sha256:85f4d7bbcb51b8a1c126be88fd338edce2d0d7e5c593b33e9d71fdc478b91659	sha256:dca093e75d02947427f5f62c8f2ff6e1cbd70614ad67621e767711a663a5afd4	promotion	[]	[]	sha256:d244e7b66131f8cff155ff9518a2b57f323137da502a19e8fa7c69145dbb0c1e	67695	139.142256	27
